Christian Roessel <roessel@zpr.uni-koeln.de> roessel croessel
Markus Hartinger <Markus.Hartinger@dlr.de>
Peter Mieth <Peter.Mieth@dlr.de>
Georg Hertkorn <georg.hertkorn@dlr.de> georg
Daniel Krajzewicz <Daniel.Krajzewicz@dlr.de> dkrajzew
Julia Ringel <Julia.Ringel@dlr.de> jringel
Danilot Teta Boyom <Danilot.Tete-Boyom@dlr.de> boyom
Andreas Gaubatz <andreas.gaubatz@uni-dortmund.de> agaubatz
Maik Drozdzynski <maik.drozdzynski@uni-dortmund.de> der_maik81
Miguel Liebe <miguel@venta-com.de> miguelliebe
Eric Nicolay <Eric.Nicolay@dlr.de> ericnicolay
Axel Wegener <wegener@itm.uni-luebeck.de> awegener
Thimor Bohn <bohn@itm.uni-luebeck.de> t-bohn
Felix Brack <fb@ltec.ch> fxrb
Michael Behrisch <oss@behrisch.de> behrisch
Yun-Pang Floetteroed <Yun-Pang.Floetteroed@dlr.de> yunpangwang
Ronald Nippold <Ronald.Nippold@dlr.de> ronald_nippold
Friedemann Wesner <wesner@itm.uni-luebeck.de> fwesner
Tino Morenz <morenzt@tcd.ie> morenzt
Christoph Sommer <christoph.sommer@informatik.uni-erlangen.de> sommerc
Bjoern Hendriks <bjhend@users.sf.net> bjhend
Sascha Krieg <sascha.krieg@dlr.de> SaschaKrieg saschaKrieg
Clemens Honomichl <c.honomichl@googlemail.com> chonomichl
Matthias Heppner <matthias@highmarket.de> heppa
Lena Kalleske <Lena.Kalleske@dlr.de> kalleske
Christian Schmidt <ch.schmidt@dlr.de> cschmidt87
Matthew Fullerton <matthew.fullerton@tum.de> fullerton
Walter Bamberger <w.bamberger@arcor.de> simsiem w-bamberger
Piotr Woznica <piwoz@users.sf.net> piwoz
Tobias Mayer <mayer.tobias (at) web.de>
Laura Bieker-Walz <laura.bieker@dlr.de> bieker
Matthias Roeckl <mroeckl@users.sf.net> mroeckl
Jakob Erdmann <jakob.erdmann@dlr.de> namdre
Jerome Haerri <haerri@users.sf.net> haerri
Karol Stosiek <kstosiek@users.sf.net> kstosiek
Maximilian Wittmann <wittmannxam@live.de> wittmax
Marek Heinrich <marek.heinrich@dlr.de> mahei
Melanie Weber <melanie.weber@dlr.de> mknocke
Mario Krumnow <Mario.Krumnow@tu-dresden.de> mkrumnow
Riccardo Belletti <riccardo.belletti2@studio.unibo.it> rickybo89
Anna Chiara Bellini <acbellini@users.sf.net> acbellini
Alessio Bonfietti <alessio.bonfietti@unibo.it> bonfioale
Federico Caselli <f.caselli@unibo.it> fcaselli-it
Robbin Blokpoel <robbin.blokpoel@imtech.com> rblokpoel
Nikolaus Furian <furian@ivt.tugraz.at> nikolausfurian
Gianfilippo Slager
Sandesh Uppoor <suppoor@gmail.com> suppoor 
Matthias Wagner <Matthias.Wagner@dlr.de> mwagner
Mathew Robertson
Bill Baxter
Lyle Johnson
Peter Wagner <peter.wagner@dlr.de> piwagner
Eric Melde <eric.melde@dlr.de> melde
Evamarie Wiessner
Andreas Kendziorra <andreas.kendziorra@dlr.de> kend-an
Robert Hilbrich <robert.hilbrich@dlr.de> rhilbrich
Thomas Lockhart <Thomas.G.Lockhart@jpl.nasa.gov>
Gerald Richter <Gerald.Richter@ait.ac.at> ait-mob-dts
Lukas Grohmann <Lukas.Grohmann@ait.ac.at>
Tamas Kurczveil <kurczveil@iva.ing.tu-bs.de> emilkur
Pablo Alvarez Lopez <pablo.alvarezlopez@dlr.de> palcraft
Joerg Schweizer <joerg.schweizer@unibo.it> joerg-schweizer
Mirco Sturari <m.sturari@pm.univpm.it> mircosturari
Martin Dippold <dippold@ivt.tugraz.at>
Gregor Laemmel <gregor.laemmel@dlr.de> laemmel
Leonhard Luecken <leonhard.luecken@dlr.de> luecken
Martin Taraz <martin@taraz.de> martintaraz
Lara Codeca <lara.codeca@eurecom.fr>
Matthias Schwamborn <matthias.schwamborn@dlr.de>
Olaf Angelo Banse Bueno <Olaf.BanseBueno@dlr.de>
Mirko Barthauer <m.barthauer@t-online.de>
Michele Segata <segata@ccs-labs.org>
Raphael Riebl <raphael.riebl@thi.de>
Tarek Chouaki <tarek.chouaki@irt-systemx.fr>
Tobias Jacobowitz <tobias.jacobowitz@posteo.de>
Jim Div <div@thoda.uk>
Maximiliano Bottazzi <maximiliano.bottazzi@dlr.de>
Sebastian Ehmann <sebastian@dipolmoment.de>
